source_workbook,source_sheet,source_row,structure_version,category,course_title_raw,course_title,credits
Semester_Spread_Structures_Sept_2026(3).xlsx,Struct_2022,3,2022,University Core,Communication skills,Communication skills,2
Semester_Spread_Structures_Sept_2026(3).xlsx,Struct_2022,3,2022,Foundation,Human Values in work and Life,Human Values in work and Life,2
Semester_Spread_Structures_Sept_2026(3).xlsx,Struct_2022,3,2022,Program Core,Computational Thinking,Computational Thinking,3
Semester_Spread_Structures_Sept_2026(3).xlsx,Struct_2022,3,2022,Program Honors,Foundations to Data Science,Foundations to Data Science,3
Semester_Spread_Structures_Sept_2026(3).xlsx,Struct_2022,3,2022,Honors Track 1,Advanced Visualization and Storytelling,Advanced Visualization and Storytelling,4
Semester_Spread_Structures_Sept_2026(3).xlsx,Struct_2022,3,2022,Honors Track 2,Big Data Framework,Big Data Framework,4
Semester_Spread_Structures_Sept_2026(3).xlsx,Struct_2022,3,2022,Internship/Capstone,Summe Training/Internship,Summe Training/Internship,2
Semester_Spread_Structures_Sept_2026(3).xlsx,Struct_2022,4,2022,University Core,Problem Solving with Design Thinking,Problem Solving with Design Thinking,2
Semester_Spread_Structures_Sept_2026(3).xlsx,Struct_2022,4,2022,Foundation,Sustainable Cities and Communities,Sustainable Cities and Communities,3
Semester_Spread_Structures_Sept_2026(3).xlsx,Struct_2022,4,2022,Program Core,Data Structures,Data Structures,4
Semester_Spread_Structures_Sept_2026(3).xlsx,Struct_2022,4,2022,Program Honors,Exploratory Data Analysis,Exploratory Data Analysis,3
Semester_Spread_Structures_Sept_2026(3).xlsx,Struct_2022,4,2022,Honors Track 1,Natural Language Processing,Natural Language Processing,4
Semester_Spread_Structures_Sept_2026(3).xlsx,Struct_2022,4,2022,Honors Track 2,Software Architecture and Deployments,Software Architecture and Deployments,4
Semester_Spread_Structures_Sept_2026(3).xlsx,Struct_2022,4,2022,Internship/Capstone,Interdisciplinary Project,Interdisciplinary Project,4
Semester_Spread_Structures_Sept_2026(3).xlsx,Struct_2022,5,2022,University Core,Introduction to Writing,Introduction to Writing,2
Semester_Spread_Structures_Sept_2026(3).xlsx,Struct_2022,5,2022,Foundation,Materials for Smart devices,Materials for Smart devices,3
Semester_Spread_Structures_Sept_2026(3).xlsx,Struct_2022,5,2022,Program Core,Theoretical Computer Science,Theoretical Computer Science,4
Semester_Spread_Structures_Sept_2026(3).xlsx,Struct_2022,5,2022,Program Honors,Human Centric AI,Human Centric AI,2
Semester_Spread_Structures_Sept_2026(3).xlsx,Struct_2022,5,2022,Honors Track 1,Multi Modal Learning,Multi Modal Learning,4
Semester_Spread_Structures_Sept_2026(3).xlsx,Struct_2022,5,2022,Honors Track 2,Cloud Computing,Cloud Computing,4
Semester_Spread_Structures_Sept_2026(3).xlsx,Struct_2022,5,2022,Internship/Capstone,Capstone Project/Industrial Internship,Capstone Project/Industrial Internship,12
Semester_Spread_Structures_Sept_2026(3).xlsx,Struct_2022,6,2022,University Core,Socio Cultural Perspectives on Indian Life-SPIL,Socio Cultural Perspectives on Indian Life-SPIL,3
Semester_Spread_Structures_Sept_2026(3).xlsx,Struct_2022,6,2022,Foundation,Sustainable Smart Materials,Sustainable Smart Materials,3
Semester_Spread_Structures_Sept_2026(3).xlsx,Struct_2022,6,2022,Program Core,Analysis of Algorithms,Analysis of Algorithms,4
Semester_Spread_Structures_Sept_2026(3).xlsx,Struct_2022,6,2022,Program Honors,Machine Learning,Machine Learning,4
Semester_Spread_Structures_Sept_2026(3).xlsx,Struct_2022,6,2022,Honors Track 1,Reinforcement Learning,Reinforcement Learning,4
Semester_Spread_Structures_Sept_2026(3).xlsx,Struct_2022,6,2022,Honors Track 2,Cognitive Computing,Cognitive Computing,4
Semester_Spread_Structures_Sept_2026(3).xlsx,Struct_2022,7,2022,University Core,Leadership and Teamwork Skills,Leadership and Teamwork Skills,2
Semester_Spread_Structures_Sept_2026(3).xlsx,Struct_2022,7,2022,Foundation,Introduction to Psychology/Introduction to Economics,Introduction to Psychology/Introduction to Economics,3
Semester_Spread_Structures_Sept_2026(3).xlsx,Struct_2022,7,2022,Program Core,Digital Design and Computer Organization,Digital Design and Computer Organization,4
Semester_Spread_Structures_Sept_2026(3).xlsx,Struct_2022,7,2022,Program Honors,Optimization Techniques for Data Science,Optimization Techniques for Data Science,4
Semester_Spread_Structures_Sept_2026(3).xlsx,Struct_2022,8,2022,University Core,Learning to Learn,Learning to Learn,2
Semester_Spread_Structures_Sept_2026(3).xlsx,Struct_2022,8,2022,Foundation,Design Workshop,Design Workshop,2
Semester_Spread_Structures_Sept_2026(3).xlsx,Struct_2022,8,2022,Program Core,Object Oriented Programming,Object Oriented Programming,3
Semester_Spread_Structures_Sept_2026(3).xlsx,Struct_2022,8,2022,Program Honors,Deep Learning,Deep Learning,4
Semester_Spread_Structures_Sept_2026(3).xlsx,Struct_2022,9,2022,University Core,Critical Thinking,Critical Thinking,2
Semester_Spread_Structures_Sept_2026(3).xlsx,Struct_2022,9,2022,Foundation,Calculus,Calculus,3
Semester_Spread_Structures_Sept_2026(3).xlsx,Struct_2022,9,2022,Program Core,Microprocessors and Computer Architecture,Microprocessors and Computer Architecture,4
Semester_Spread_Structures_Sept_2026(3).xlsx,Struct_2022,10,2022,University Core,Introduction to Epistemology,Introduction to Epistemology,2
Semester_Spread_Structures_Sept_2026(3).xlsx,Struct_2022,10,2022,Foundation,Probability Theory,Probability Theory,3
Semester_Spread_Structures_Sept_2026(3).xlsx,Struct_2022,10,2022,Program Core,Operating Systems,Operating Systems,3
Semester_Spread_Structures_Sept_2026(3).xlsx,Struct_2022,11,2022,University Core,Community Engagement and Service Experience,Community Engagement and Service Experience,1
Semester_Spread_Structures_Sept_2026(3).xlsx,Struct_2022,11,2022,Foundation,Linear Algebra,Linear Algebra,3
Semester_Spread_Structures_Sept_2026(3).xlsx,Struct_2022,11,2022,Program Core,Networks,Networks,4
Semester_Spread_Structures_Sept_2026(3).xlsx,Struct_2022,12,2022,Foundation,Visualizing Data for Story Telling,Visualizing Data for Story Telling,2
Semester_Spread_Structures_Sept_2026(3).xlsx,Struct_2022,12,2022,Program Core,Databases Management,Databases Management,4
Semester_Spread_Structures_Sept_2026(3).xlsx,Struct_2022,13,2022,Foundation,Language,Language,3
Semester_Spread_Structures_Sept_2026(3).xlsx,Struct_2022,13,2022,Program Core,Statistics with R,Statistics with R,3
Semester_Spread_Structures_Sept_2026(3).xlsx,Struct_2022,14,2022,Foundation,Foundation Seminar,Foundation Seminar,1
Semester_Spread_Structures_Sept_2026(3).xlsx,Struct_2022,14,2022,Program Core,Artificial Intelligence,Artificial Intelligence,4
Semester_Spread_Structures_Sept_2026(3).xlsx,Struct_2022,15,2022,Program Core,Internet of Things,Internet of Things,2
Semester_Spread_Structures_Sept_2026(3).xlsx,Struct_2023,3,2023,University Core,Communication skills,Communication skills,2
Semester_Spread_Structures_Sept_2026(3).xlsx,Struct_2023,3,2023,Foundation,Human Values in work and Life,Human Values in work and Life,2
Semester_Spread_Structures_Sept_2026(3).xlsx,Struct_2023,3,2023,Program Core,Research Methodology,Research Methodology,3
Semester_Spread_Structures_Sept_2026(3).xlsx,Struct_2023,3,2023,Program Honors,Foundations to Data Science,Foundations to Data Science,3
Semester_Spread_Structures_Sept_2026(3).xlsx,Struct_2023,3,2023,Honors Track 1,Advanced Topics in Deep Learning,Advanced Topics in Deep Learning,4
Semester_Spread_Structures_Sept_2026(3).xlsx,Struct_2023,3,2023,Honors Track 2,Big Data Framework,Big Data Framework,4
Semester_Spread_Structures_Sept_2026(3).xlsx,Struct_2023,3,2023,Internship/Capstone,Summe Training/Internship,Summe Training/Internship,2
Semester_Spread_Structures_Sept_2026(3).xlsx,Struct_2023,4,2023,University Core,Problem Solving with Design Thinking,Problem Solving with Design Thinking,2
Semester_Spread_Structures_Sept_2026(3).xlsx,Struct_2023,4,2023,Foundation,Sustainable Cities and Communities,Sustainable Cities and Communities,3
Semester_Spread_Structures_Sept_2026(3).xlsx,Struct_2023,4,2023,Program Core,Data Structures,Data Structures,4
Semester_Spread_Structures_Sept_2026(3).xlsx,Struct_2023,4,2023,Program Honors,Exploratory Data Analysis,Exploratory Data Analysis,3
Semester_Spread_Structures_Sept_2026(3).xlsx,Struct_2023,4,2023,Honors Track 1,Natural Language Processing,Natural Language Processing,4
Semester_Spread_Structures_Sept_2026(3).xlsx,Struct_2023,4,2023,Honors Track 2,Software Architecture and Deployments,Software Architecture and Deployments,4
Semester_Spread_Structures_Sept_2026(3).xlsx,Struct_2023,4,2023,Internship/Capstone,Interdisciplinary Project,Interdisciplinary Project,4
Semester_Spread_Structures_Sept_2026(3).xlsx,Struct_2023,5,2023,University Core,Introduction to Writing,Introduction to Writing,2
Semester_Spread_Structures_Sept_2026(3).xlsx,Struct_2023,5,2023,Foundation,Materials for Smart devices,Materials for Smart devices,3
Semester_Spread_Structures_Sept_2026(3).xlsx,Struct_2023,5,2023,Program Core,Theoretical Computer Science,Theoretical Computer Science,4
Semester_Spread_Structures_Sept_2026(3).xlsx,Struct_2023,5,2023,Program Honors,MLOps & Model Deployment,MLOps & Model Deployment,2
Semester_Spread_Structures_Sept_2026(3).xlsx,Struct_2023,5,2023,Honors Track 1,Multi Modal Learning,Multi Modal Learning,4
Semester_Spread_Structures_Sept_2026(3).xlsx,Struct_2023,5,2023,Honors Track 2,Cloud &Cognitive Computing,Cloud &Cognitive Computing,4
Semester_Spread_Structures_Sept_2026(3).xlsx,Struct_2023,5,2023,Internship/Capstone,Capstone Project/Industrial Internship,Capstone Project/Industrial Internship,12
Semester_Spread_Structures_Sept_2026(3).xlsx,Struct_2023,6,2023,University Core,Socio Cultural Perspectives on Indian Life-SPIL,Socio Cultural Perspectives on Indian Life-SPIL,3
Semester_Spread_Structures_Sept_2026(3).xlsx,Struct_2023,6,2023,Foundation,Sustainable Smart Materials,Sustainable Smart Materials,3
Semester_Spread_Structures_Sept_2026(3).xlsx,Struct_2023,6,2023,Program Core,Analysis of Algorithms,Analysis of Algorithms,4
Semester_Spread_Structures_Sept_2026(3).xlsx,Struct_2023,6,2023,Program Honors,Machine Learning,Machine Learning,4
Semester_Spread_Structures_Sept_2026(3).xlsx,Struct_2023,6,2023,Honors Track 1,Reinforcement Learning,Reinforcement Learning,4
Semester_Spread_Structures_Sept_2026(3).xlsx,Struct_2023,6,2023,Honors Track 2,Natural Language Processing,Natural Language Processing,4
Semester_Spread_Structures_Sept_2026(3).xlsx,Struct_2023,7,2023,University Core,Leadership and Teamwork Skills,Leadership and Teamwork Skills,2
Semester_Spread_Structures_Sept_2026(3).xlsx,Struct_2023,7,2023,Foundation,Introduction to Psychology/Introduction to Economics,Introduction to Psychology/Introduction to Economics,3
Semester_Spread_Structures_Sept_2026(3).xlsx,Struct_2023,7,2023,Program Core,Digital Design and Computer Organization,Digital Design and Computer Organization,4
Semester_Spread_Structures_Sept_2026(3).xlsx,Struct_2023,7,2023,Program Honors,Optimization Techniques for Data Science,Optimization Techniques for Data Science,4
Semester_Spread_Structures_Sept_2026(3).xlsx,Struct_2023,8,2023,University Core,Learning to Learn,Learning to Learn,2
Semester_Spread_Structures_Sept_2026(3).xlsx,Struct_2023,8,2023,Foundation,Design Workshop,Design Workshop,2
Semester_Spread_Structures_Sept_2026(3).xlsx,Struct_2023,8,2023,Program Core,Object Oriented Programming,Object Oriented Programming,3
Semester_Spread_Structures_Sept_2026(3).xlsx,Struct_2023,8,2023,Program Honors,Deep Learning,Deep Learning,4
Semester_Spread_Structures_Sept_2026(3).xlsx,Struct_2023,9,2023,University Core,Critical Thinking,Critical Thinking,2
Semester_Spread_Structures_Sept_2026(3).xlsx,Struct_2023,9,2023,Foundation,Calculus,Calculus,3
Semester_Spread_Structures_Sept_2026(3).xlsx,Struct_2023,9,2023,Program Core,Microprocessors and Computer Architecture,Microprocessors and Computer Architecture,4
Semester_Spread_Structures_Sept_2026(3).xlsx,Struct_2023,10,2023,University Core,Introduction to Epistemology,Introduction to Epistemology,2
Semester_Spread_Structures_Sept_2026(3).xlsx,Struct_2023,10,2023,Foundation,Probability Theory,Probability Theory,3
Semester_Spread_Structures_Sept_2026(3).xlsx,Struct_2023,10,2023,Program Core,Operating Systems,Operating Systems,3
Semester_Spread_Structures_Sept_2026(3).xlsx,Struct_2023,11,2023,University Core,Community Engagement and Service Experience,Community Engagement and Service Experience,1
Semester_Spread_Structures_Sept_2026(3).xlsx,Struct_2023,11,2023,Foundation,Linear Algebra,Linear Algebra,3
Semester_Spread_Structures_Sept_2026(3).xlsx,Struct_2023,11,2023,Program Core,Networks,Networks,4
Semester_Spread_Structures_Sept_2026(3).xlsx,Struct_2023,12,2023,Foundation,Visualizing Data for Story Telling,Visualizing Data for Story Telling,2
Semester_Spread_Structures_Sept_2026(3).xlsx,Struct_2023,12,2023,Program Core,Databases Management,Databases Management,4
Semester_Spread_Structures_Sept_2026(3).xlsx,Struct_2023,13,2023,Foundation,Language,Language,3
Semester_Spread_Structures_Sept_2026(3).xlsx,Struct_2023,13,2023,Program Core,Statistics with R,Statistics with R,3
Semester_Spread_Structures_Sept_2026(3).xlsx,Struct_2023,14,2023,University Core,2023 DS,2023 DS,
Semester_Spread_Structures_Sept_2026(3).xlsx,Struct_2023,14,2023,Foundation,Foundation Seminar,Foundation Seminar,1
Semester_Spread_Structures_Sept_2026(3).xlsx,Struct_2023,14,2023,Program Core,Artificial Intelligence,Artificial Intelligence,4
Semester_Spread_Structures_Sept_2026(3).xlsx,Struct_2023,15,2023,Program Core,Internet of Things,Internet of Things,2
Semester_Spread_Structures_Sept_2026(3).xlsx,Struct_2024,3,2024,University Core,Communication and Leadership skills,Communication and Leadership skills,3
Semester_Spread_Structures_Sept_2026(3).xlsx,Struct_2024,3,2024,Program Core,Data Structures,Data Structures,4
Semester_Spread_Structures_Sept_2026(3).xlsx,Struct_2024,3,2024,Electives,Probabilistic Graph Models,Probabilistic Graph Models,4
Semester_Spread_Structures_Sept_2026(3).xlsx,Struct_2024,4,2024,University Core,Introduction to Writing,Introduction to Writing,2
Semester_Spread_Structures_Sept_2026(3).xlsx,Struct_2024,4,2024,Program Core,Theoretical Computer Science,Theoretical Computer Science,4
Semester_Spread_Structures_Sept_2026(3).xlsx,Struct_2024,4,2024,Electives,Natural Language Processing,Natural Language Processing,4
Semester_Spread_Structures_Sept_2026(3).xlsx,Struct_2024,5,2024,University Core,Learning to Learn,Learning to Learn,2
Semester_Spread_Structures_Sept_2026(3).xlsx,Struct_2024,5,2024,Program Core,Analysis of Algorithms,Analysis of Algorithms,4
Semester_Spread_Structures_Sept_2026(3).xlsx,Struct_2024,5,2024,Electives,Multi Modal Learning,Multi Modal Learning,4
Semester_Spread_Structures_Sept_2026(3).xlsx,Struct_2024,6,2024,University Core,Fundamentals of Indian Constitution and Human Rights,Fundamentals of Indian Constitution and Human Rights,2
Semester_Spread_Structures_Sept_2026(3).xlsx,Struct_2024,6,2024,Program Core,Digital Design and Computer Organization,Digital Design and Computer Organization,4
Semester_Spread_Structures_Sept_2026(3).xlsx,Struct_2024,6,2024,Electives,Reinforcement Learning,Reinforcement Learning,4
Semester_Spread_Structures_Sept_2026(3).xlsx,Struct_2024,7,2024,University Core,Critical Thinking,Critical Thinking,3
Semester_Spread_Structures_Sept_2026(3).xlsx,Struct_2024,7,2024,Program Core,Object Oriented Programming,Object Oriented Programming,3
Semester_Spread_Structures_Sept_2026(3).xlsx,Struct_2024,7,2024,Electives,Advanced Topics in Deep Learning,Advanced Topics in Deep Learning,4
Semester_Spread_Structures_Sept_2026(3).xlsx,Struct_2024,8,2024,University Core,Problem Solving with Design Thinking,Problem Solving with Design Thinking,2
Semester_Spread_Structures_Sept_2026(3).xlsx,Struct_2024,8,2024,Program Core,Microprocessors and Computer Architecture,Microprocessors and Computer Architecture,4
Semester_Spread_Structures_Sept_2026(3).xlsx,Struct_2024,9,2024,University Core,Socio Cultural Perspectives on Indian Life-SPIL,Socio Cultural Perspectives on Indian Life-SPIL,3
Semester_Spread_Structures_Sept_2026(3).xlsx,Struct_2024,9,2024,Program Core,Operating Systems,Operating Systems,3
Semester_Spread_Structures_Sept_2026(3).xlsx,Struct_2024,10,2024,University Core,Community Engagement and Service Experience,Community Engagement and Service Experience,1
Semester_Spread_Structures_Sept_2026(3).xlsx,Struct_2024,10,2024,Program Core,Networks,Networks,4
Semester_Spread_Structures_Sept_2026(3).xlsx,Struct_2024,10,2024,Electives,Hons Sp Track #2 - Full Stack Development - Courses,Hons Sp Track #2 - Full Stack Development - Courses,Cr
Semester_Spread_Structures_Sept_2026(3).xlsx,Struct_2024,11,2024,Program Core,Databases Management,Databases Management,4
Semester_Spread_Structures_Sept_2026(3).xlsx,Struct_2024,11,2024,Electives,Web Framework,Web Framework,4
Semester_Spread_Structures_Sept_2026(3).xlsx,Struct_2024,12,2024,Program Core,Programming in Python,Programming in Python,3
Semester_Spread_Structures_Sept_2026(3).xlsx,Struct_2024,12,2024,Electives,Big Data Framework,Big Data Framework,4
Semester_Spread_Structures_Sept_2026(3).xlsx,Struct_2024,13,2024,Program Core,Data Visuatlization and Storytelling,Data Visuatlization and Storytelling,3
Semester_Spread_Structures_Sept_2026(3).xlsx,Struct_2024,13,2024,Electives,Software Architecture and Deployments,Software Architecture and Deployments,4
Semester_Spread_Structures_Sept_2026(3).xlsx,Struct_2024,14,2024,University Core,Foundation Courses,Foundation Courses,Cr
Semester_Spread_Structures_Sept_2026(3).xlsx,Struct_2024,14,2024,Program Core,Artificial Intelligence,Artificial Intelligence,4
Semester_Spread_Structures_Sept_2026(3).xlsx,Struct_2024,14,2024,Electives,Reinforcement Learning,Reinforcement Learning,4
Semester_Spread_Structures_Sept_2026(3).xlsx,Struct_2024,15,2024,University Core,Academic Writing,Academic Writing,2
Semester_Spread_Structures_Sept_2026(3).xlsx,Struct_2024,15,2024,Program Core,Internet of Things,Internet of Things,2
Semester_Spread_Structures_Sept_2026(3).xlsx,Struct_2024,15,2024,Electives,Natural Language Processing,Natural Language Processing,4
Semester_Spread_Structures_Sept_2026(3).xlsx,Struct_2024,16,2024,University Core,Introduction to Psychology/Introduction to Economics,Introduction to Psychology/Introduction to Economics,3
Semester_Spread_Structures_Sept_2026(3).xlsx,Struct_2024,17,2024,University Core,Human Values in work and Life,Human Values in work and Life,2
Semester_Spread_Structures_Sept_2026(3).xlsx,Struct_2024,18,2024,University Core,Language,Language,3
Semester_Spread_Structures_Sept_2026(3).xlsx,Struct_2024,18,2024,Program Core,Program Hons - Courses,Program Hons - Courses,Cr
Semester_Spread_Structures_Sept_2026(3).xlsx,Struct_2024,18,2024,Electives,Internship and Capstone Project- Courses,Internship and Capstone Project- Courses,Cr
Semester_Spread_Structures_Sept_2026(3).xlsx,Struct_2024,19,2024,University Core,Sustainable Cities and Communities,Sustainable Cities and Communities,3
Semester_Spread_Structures_Sept_2026(3).xlsx,Struct_2024,19,2024,Program Core,Advanced Statistical Analysis and Research Methods with R,Advanced Statistical Analysis and Research Methods with R,2
Semester_Spread_Structures_Sept_2026(3).xlsx,Struct_2024,20,2024,University Core,Materials for Smart devices,Materials for Smart devices,3
Semester_Spread_Structures_Sept_2026(3).xlsx,Struct_2024,20,2024,Program Core,Foundations to Data Science,Foundations to Data Science,3
Semester_Spread_Structures_Sept_2026(3).xlsx,Struct_2024,20,2024,Electives,Summe Training/Internship,Summe Training/Internship,2
Semester_Spread_Structures_Sept_2026(3).xlsx,Struct_2024,21,2024,University Core,Sustainable Smart Materials,Sustainable Smart Materials,3
Semester_Spread_Structures_Sept_2026(3).xlsx,Struct_2024,21,2024,Program Core,Exploratory Data Analysis,Exploratory Data Analysis,3
Semester_Spread_Structures_Sept_2026(3).xlsx,Struct_2024,21,2024,Electives,Interdisciplinary Project,Interdisciplinary Project,4
Semester_Spread_Structures_Sept_2026(3).xlsx,Struct_2024,22,2024,University Core,Design Workshop,Design Workshop,2
Semester_Spread_Structures_Sept_2026(3).xlsx,Struct_2024,22,2024,Program Core,Optimization Techniques for Data Science,Optimization Techniques for Data Science,4
Semester_Spread_Structures_Sept_2026(3).xlsx,Struct_2024,22,2024,Electives,Capstone Project/Industrial Internship,Capstone Project/Industrial Internship,12
Semester_Spread_Structures_Sept_2026(3).xlsx,Struct_2024,23,2024,University Core,Calculus,Calculus,3
Semester_Spread_Structures_Sept_2026(3).xlsx,Struct_2024,23,2024,Program Core,Machine Learning,Machine Learning,4
Semester_Spread_Structures_Sept_2026(3).xlsx,Struct_2024,24,2024,University Core,Probability and Statistics,Probability and Statistics,4
Semester_Spread_Structures_Sept_2026(3).xlsx,Struct_2024,24,2024,Program Core,Deep Learning,Deep Learning,4
Semester_Spread_Structures_Sept_2026(3).xlsx,Struct_2024,25,2024,University Core,Linear Algebra,Linear Algebra,3
Semester_Spread_Structures_Sept_2026(3).xlsx,Struct_2024,26,2024,University Core,Cloud Computing,Cloud Computing,3
Semester_Spread_Structures_Sept_2026(3).xlsx,Struct_2025,3,2025,University Core,Communication Skills,Communication Skills,2
Semester_Spread_Structures_Sept_2026(3).xlsx,Struct_2025,3,2025,Program Core,Data Structures,Data Structures,4
Semester_Spread_Structures_Sept_2026(3).xlsx,Struct_2025,3,2025,Electives,Probabilistic Graph Models,Probabilistic Graph Models,4
Semester_Spread_Structures_Sept_2026(3).xlsx,Struct_2025,4,2025,University Core,Human Values in work and Life,Human Values in work and Life,2
Semester_Spread_Structures_Sept_2026(3).xlsx,Struct_2025,4,2025,Program Core,Theoretical Computer Science,Theoretical Computer Science,4
Semester_Spread_Structures_Sept_2026(3).xlsx,Struct_2025,4,2025,Electives,Advanced Topics in Deep Learning,Advanced Topics in Deep Learning,4
Semester_Spread_Structures_Sept_2026(3).xlsx,Struct_2025,5,2025,University Core,Learning to Learn,Learning to Learn,2
Semester_Spread_Structures_Sept_2026(3).xlsx,Struct_2025,5,2025,Program Core,Analysis of Algorithms,Analysis of Algorithms,4
Semester_Spread_Structures_Sept_2026(3).xlsx,Struct_2025,5,2025,Electives,Image Processing and Computer Vision,Image Processing and Computer Vision,4
Semester_Spread_Structures_Sept_2026(3).xlsx,Struct_2025,6,2025,University Core,Environmental Studies and Sustainability,Environmental Studies and Sustainability,2
Semester_Spread_Structures_Sept_2026(3).xlsx,Struct_2025,6,2025,Program Core,Digital Design and Computer Organization,Digital Design and Computer Organization,4
Semester_Spread_Structures_Sept_2026(3).xlsx,Struct_2025,6,2025,Electives,Multi Modal Learning,Multi Modal Learning,4
Semester_Spread_Structures_Sept_2026(3).xlsx,Struct_2025,7,2025,University Core,Fundamentals of Indian Constitution and Human Rights,Fundamentals of Indian Constitution and Human Rights,2
Semester_Spread_Structures_Sept_2026(3).xlsx,Struct_2025,7,2025,Program Core,Object Oriented Programming,Object Oriented Programming,3
Semester_Spread_Structures_Sept_2026(3).xlsx,Struct_2025,7,2025,Electives,Reinforcement Learning,Reinforcement Learning,4
Semester_Spread_Structures_Sept_2026(3).xlsx,Struct_2025,8,2025,University Core,Community Engagement and Service Experience,Community Engagement and Service Experience,1
Semester_Spread_Structures_Sept_2026(3).xlsx,Struct_2025,8,2025,Program Core,Microprocessors and Computer Architecture,Microprocessors and Computer Architecture,4
Semester_Spread_Structures_Sept_2026(3).xlsx,Struct_2025,9,2025,University Core,Socio-Cultural Perspectives on Indian Life-SPIL,Socio-Cultural Perspectives on Indian Life-SPIL,3
Semester_Spread_Structures_Sept_2026(3).xlsx,Struct_2025,9,2025,Program Core,Operating Systems,Operating Systems,3
Semester_Spread_Structures_Sept_2026(3).xlsx,Struct_2025,10,2025,University Core,Humanistic Leadership Development,Humanistic Leadership Development,2
Semester_Spread_Structures_Sept_2026(3).xlsx,Struct_2025,10,2025,Program Core,Networks,Networks,4
Semester_Spread_Structures_Sept_2026(3).xlsx,Struct_2025,10,2025,Electives,Hons Sp Track #2 - Full Stack Development - Courses,Hons Sp Track #2 - Full Stack Development - Courses,Cr
Semester_Spread_Structures_Sept_2026(3).xlsx,Struct_2025,11,2025,University Core,Analytical Academic Writing,Analytical Academic Writing,3
Semester_Spread_Structures_Sept_2026(3).xlsx,Struct_2025,11,2025,Program Core,Databases Management,Databases Management,4
Semester_Spread_Structures_Sept_2026(3).xlsx,Struct_2025,11,2025,Electives,Web Framework,Web Framework,4
Semester_Spread_Structures_Sept_2026(3).xlsx,Struct_2025,12,2025,University Core,Critical Thinking,Critical Thinking,3
Semester_Spread_Structures_Sept_2026(3).xlsx,Struct_2025,12,2025,Program Core,Programming in Python,Programming in Python,3
Semester_Spread_Structures_Sept_2026(3).xlsx,Struct_2025,12,2025,Electives,Big Data Framework,Big Data Framework,4
Semester_Spread_Structures_Sept_2026(3).xlsx,Struct_2025,13,2025,University Core,Problem Solving for Design Thinking,Problem Solving for Design Thinking,2
Semester_Spread_Structures_Sept_2026(3).xlsx,Struct_2025,13,2025,Program Core,Data Visuatlization and Storytelling,Data Visuatlization and Storytelling,3
Semester_Spread_Structures_Sept_2026(3).xlsx,Struct_2025,13,2025,Electives,Software Architecture and Deployments,Software Architecture and Deployments,4
Semester_Spread_Structures_Sept_2026(3).xlsx,Struct_2025,14,2025,Program Core,Artificial Intelligence,Artificial Intelligence,4
Semester_Spread_Structures_Sept_2026(3).xlsx,Struct_2025,14,2025,Electives,Cloud & Cognitive Computing,Cloud & Cognitive Computing,4
Semester_Spread_Structures_Sept_2026(3).xlsx,Struct_2025,15,2025,Program Core,Internet of Things,Internet of Things,2
Semester_Spread_Structures_Sept_2026(3).xlsx,Struct_2025,15,2025,Electives,Reinforcement Learning,Reinforcement Learning,4
Semester_Spread_Structures_Sept_2026(3).xlsx,Struct_2025,16,2025,University Core,Foundation Courses,Foundation Courses,Cr
Semester_Spread_Structures_Sept_2026(3).xlsx,Struct_2025,17,2025,University Core,Language,Language,2
Semester_Spread_Structures_Sept_2026(3).xlsx,Struct_2025,18,2025,University Core,Materials for Smart devices,Materials for Smart devices,3
Semester_Spread_Structures_Sept_2026(3).xlsx,Struct_2025,18,2025,Program Core,Program Hons - Courses,Program Hons - Courses,Cr
Semester_Spread_Structures_Sept_2026(3).xlsx,Struct_2025,18,2025,Electives,Internship and Capstone Project- Courses,Internship and Capstone Project- Courses,Cr
Semester_Spread_Structures_Sept_2026(3).xlsx,Struct_2025,19,2025,University Core,Sustainable Smart Materials,Sustainable Smart Materials,3
Semester_Spread_Structures_Sept_2026(3).xlsx,Struct_2025,19,2025,Program Core,Advanced Exploratory Data Analysis,Advanced Exploratory Data Analysis,4
Semester_Spread_Structures_Sept_2026(3).xlsx,Struct_2025,20,2025,University Core,Design Workshop,Design Workshop,2
Semester_Spread_Structures_Sept_2026(3).xlsx,Struct_2025,20,2025,Program Core,Optimization Techniques for Data Science,Optimization Techniques for Data Science,4
Semester_Spread_Structures_Sept_2026(3).xlsx,Struct_2025,20,2025,Electives,Summe Training/Internship,Summe Training/Internship,2
Semester_Spread_Structures_Sept_2026(3).xlsx,Struct_2025,21,2025,University Core,Multivariate Calculus,Multivariate Calculus,4
Semester_Spread_Structures_Sept_2026(3).xlsx,Struct_2025,21,2025,Program Core,Machine Learning,Machine Learning,4
Semester_Spread_Structures_Sept_2026(3).xlsx,Struct_2025,21,2025,Electives,Capstone Project/Industrial Internship,Capstone Project/Industrial Internship,12
Semester_Spread_Structures_Sept_2026(3).xlsx,Struct_2025,22,2025,University Core,Probability and Statistics,Probability and Statistics,4
Semester_Spread_Structures_Sept_2026(3).xlsx,Struct_2025,22,2025,Program Core,Deep Learning,Deep Learning,4
Semester_Spread_Structures_Sept_2026(3).xlsx,Struct_2025,23,2025,University Core,Linear Algebra,Linear Algebra,4
Semester_Spread_Structures_Sept_2026(3).xlsx,Struct_2025,23,2025,Program Core,Natural Language Processing,Natural Language Processing,4
Semester_Spread_Structures_Sept_2026(3).xlsx,Struct_2025,24,2025,University Core,Advanced Statistical Analysis and Research Methods with R,Advanced Statistical Analysis and Research Methods with R,2
Semester_Spread_Structures_Sept_2026(3).xlsx,Struct_2025,26,2025,Electives,Essentials of Business Management,Essentials of Business Management,2
Semester_Spread_Structures_Sept_2026(3).xlsx,Struct_2025,27,2025,Electives,Intro to Psychology /Principles of Economics,Intro to Psychology /Principles of Economics,2
Semester_Spread_Structures_Sept_2026(3).xlsx,Struct_2025,28,2025,Electives,6 Courses of 4 credits each,6 Courses of 4 credits each,24
Semester_Spread_Structures_Sept_2026(3).xlsx,Struct_2025,29,2025,Electives,Interdesciplinary Project,Interdesciplinary Project,4
Semester_Spread_Structures_Sept_2026(3).xlsx,Struct_2026_DS,3,2026,University Core,Communication Skills,Communication Skills,3
Semester_Spread_Structures_Sept_2026(3).xlsx,Struct_2026_DS,3,2026,Program Core,Data Structures,Data Structures,4
Semester_Spread_Structures_Sept_2026(3).xlsx,Struct_2026_DS,3,2026,Electives,Probabilistic Graph Models,Probabilistic Graph Models,4
Semester_Spread_Structures_Sept_2026(3).xlsx,Struct_2026_DS,4,2026,University Core,Learning to Learn,Learning to Learn,2
Semester_Spread_Structures_Sept_2026(3).xlsx,Struct_2026_DS,4,2026,Program Core,Theoretical Computer Science,Theoretical Computer Science,4
Semester_Spread_Structures_Sept_2026(3).xlsx,Struct_2026_DS,4,2026,Electives,Advanced Topics in Deep Learning,Advanced Topics in Deep Learning,4
Semester_Spread_Structures_Sept_2026(3).xlsx,Struct_2026_DS,5,2026,University Core,Environmental Studies and Sustainability,Environmental Studies and Sustainability,2
Semester_Spread_Structures_Sept_2026(3).xlsx,Struct_2026_DS,5,2026,Program Core,Analysis of Algorithms,Analysis of Algorithms,4
Semester_Spread_Structures_Sept_2026(3).xlsx,Struct_2026_DS,5,2026,Electives,Cloud & Cognitive Computing,Cloud & Cognitive Computing,4
Semester_Spread_Structures_Sept_2026(3).xlsx,Struct_2026_DS,6,2026,University Core,Fundamentals of Indian Constitution and Human Rights,Fundamentals of Indian Constitution and Human Rights,2
Semester_Spread_Structures_Sept_2026(3).xlsx,Struct_2026_DS,6,2026,Program Core,Digital Design and Computer Organization,Digital Design and Computer Organization,4
Semester_Spread_Structures_Sept_2026(3).xlsx,Struct_2026_DS,6,2026,Electives,Multi Modal Learning,Multi Modal Learning,4
Semester_Spread_Structures_Sept_2026(3).xlsx,Struct_2026_DS,7,2026,University Core,Community Engagement,Community Engagement,1
Semester_Spread_Structures_Sept_2026(3).xlsx,Struct_2026_DS,7,2026,Program Core,Object Oriented Programming,Object Oriented Programming,3
Semester_Spread_Structures_Sept_2026(3).xlsx,Struct_2026_DS,7,2026,Electives,Reinforcement Learning,Reinforcement Learning,4
Semester_Spread_Structures_Sept_2026(3).xlsx,Struct_2026_DS,8,2026,University Core,Socio-Cultural Perspectives on Indian Life-SPIL,Socio-Cultural Perspectives on Indian Life-SPIL,3
Semester_Spread_Structures_Sept_2026(3).xlsx,Struct_2026_DS,8,2026,Program Core,Microprocessors and Computer Architecture,Microprocessors and Computer Architecture,4
Semester_Spread_Structures_Sept_2026(3).xlsx,Struct_2026_DS,8,2026,Electives,Web Framework,Web Framework,4
Semester_Spread_Structures_Sept_2026(3).xlsx,Struct_2026_DS,9,2026,University Core,Critical Thinking,Critical Thinking,3
Semester_Spread_Structures_Sept_2026(3).xlsx,Struct_2026_DS,9,2026,Program Core,Operating Systems,Operating Systems,4
Semester_Spread_Structures_Sept_2026(3).xlsx,Struct_2026_DS,9,2026,Electives,Big Data Framework,Big Data Framework,4
Semester_Spread_Structures_Sept_2026(3).xlsx,Struct_2026_DS,10,2026,University Core,Problem Solving for Design Thinking,Problem Solving for Design Thinking,2
Semester_Spread_Structures_Sept_2026(3).xlsx,Struct_2026_DS,10,2026,Program Core,Networks,Networks,4
Semester_Spread_Structures_Sept_2026(3).xlsx,Struct_2026_DS,10,2026,Electives,Software Architecture and Deployments,Software Architecture and Deployments,4
Semester_Spread_Structures_Sept_2026(3).xlsx,Struct_2026_DS,11,2026,Program Core,Databases Management,Databases Management,4
Semester_Spread_Structures_Sept_2026(3).xlsx,Struct_2026_DS,12,2026,Program Core,Programming in Python,Programming in Python,3
Semester_Spread_Structures_Sept_2026(3).xlsx,Struct_2026_DS,13,2026,University Core,Foundation Courses,Foundation Courses,Cr
Semester_Spread_Structures_Sept_2026(3).xlsx,Struct_2026_DS,13,2026,Program Core,Data Visuatlization and Storytelling,Data Visuatlization and Storytelling,3
Semester_Spread_Structures_Sept_2026(3).xlsx,Struct_2026_DS,13,2026,Electives,Internship and Capstone Project- Courses,Internship and Capstone Project- Courses,Cr
Semester_Spread_Structures_Sept_2026(3).xlsx,Struct_2026_DS,14,2026,University Core,Language,Language,2
Semester_Spread_Structures_Sept_2026(3).xlsx,Struct_2026_DS,14,2026,Program Core,Artificial Intelligence,Artificial Intelligence,4
Semester_Spread_Structures_Sept_2026(3).xlsx,Struct_2026_DS,15,2026,University Core,Materials for Smart devices,Materials for Smart devices,3
Semester_Spread_Structures_Sept_2026(3).xlsx,Struct_2026_DS,15,2026,Program Core,Internet of Things,Internet of Things,2
Semester_Spread_Structures_Sept_2026(3).xlsx,Struct_2026_DS,15,2026,Electives,Summe Training/Internship,Summe Training/Internship,2
Semester_Spread_Structures_Sept_2026(3).xlsx,Struct_2026_DS,16,2026,University Core,Sustainable Smart Materials,Sustainable Smart Materials,3
Semester_Spread_Structures_Sept_2026(3).xlsx,Struct_2026_DS,16,2026,Program Core,Compiler Design,Compiler Design,3
Semester_Spread_Structures_Sept_2026(3).xlsx,Struct_2026_DS,16,2026,Electives,Capstone Project/Industrial Internship,Capstone Project/Industrial Internship,12
Semester_Spread_Structures_Sept_2026(3).xlsx,Struct_2026_DS,17,2026,University Core,Design Workshop,Design Workshop,3
Semester_Spread_Structures_Sept_2026(3).xlsx,Struct_2026_DS,18,2026,University Core,Multivariate Calculus,Multivariate Calculus,4
Semester_Spread_Structures_Sept_2026(3).xlsx,Struct_2026_DS,19,2026,University Core,Probability and Statistics,Probability and Statistics,4
Semester_Spread_Structures_Sept_2026(3).xlsx,Struct_2026_DS,19,2026,Program Core,Program Hons - Courses,Program Hons - Courses,Cr
Semester_Spread_Structures_Sept_2026(3).xlsx,Struct_2026_DS,20,2026,University Core,Linear Algebra,Linear Algebra,4
Semester_Spread_Structures_Sept_2026(3).xlsx,Struct_2026_DS,20,2026,Program Core,Advanced Exploratory Data Analysis,Advanced Exploratory Data Analysis,4
Semester_Spread_Structures_Sept_2026(3).xlsx,Struct_2026_DS,20,2026,Electives,Essentials of Business Management,Essentials of Business Management,2
Semester_Spread_Structures_Sept_2026(3).xlsx,Struct_2026_DS,21,2026,University Core,Advanced Statistical Analysis and Research Methods,Advanced Statistical Analysis and Research Methods,3
Semester_Spread_Structures_Sept_2026(3).xlsx,Struct_2026_DS,21,2026,Program Core,Optimization Techniques for Data Science,Optimization Techniques for Data Science,4
Semester_Spread_Structures_Sept_2026(3).xlsx,Struct_2026_DS,21,2026,Electives,Intro to Psychology /Principles of Economics,Intro to Psychology /Principles of Economics,2
Semester_Spread_Structures_Sept_2026(3).xlsx,Struct_2026_DS,22,2026,Program Core,Machine Learning,Machine Learning,4
Semester_Spread_Structures_Sept_2026(3).xlsx,Struct_2026_DS,22,2026,Electives,6 Courses of 4 credits each,6 Courses of 4 credits each,24
Semester_Spread_Structures_Sept_2026(3).xlsx,Struct_2026_DS,23,2026,Program Core,Deep Learning,Deep Learning,4
Semester_Spread_Structures_Sept_2026(3).xlsx,Struct_2026_DS,23,2026,Electives,Interdesciplinary Project,Interdesciplinary Project,4
Semester_Spread_Structures_Sept_2026(3).xlsx,Struct_2026_DS,24,2026,Program Core,Natural Language Processing,Natural Language Processing,4
